timestamp,run_name,operation,core,size,pipe,total_iops,avg_iops_per_client
2026-02-26 02:27:40,test,ping,32,64,1,0,0
2026-02-26 21:17:29,32,ping,32,64,1,57862.4,28931.20
2026-02-27 00:49:23,32_core_oob,ping,32,64,1,24348.8,12174.40
2026-02-27 01:03:00,32_core_oob,ping,32,64,1,12452,12452.00
2026-02-27 01:06:40,32_core_oob,ping,32,64,1,24363.9,12181.95
2026-02-27 02:11:29,test,ping,32,64,1,225595,112797.50
2026-02-27 02:29:41,scalling,ping,16,64,1,287896,143948.00
2026-02-27 02:29:41,scalling,ping,24,64,1,265075,132537.50
2026-02-27 02:29:41,scalling,ping,2,64,1,281799,140899.50
2026-02-27 02:29:41,scalling,ping,32,64,1,223686,111843.00
2026-02-27 02:29:41,scalling,ping,4,64,1,292637,146318.50
2026-02-27 02:29:41,scalling,ping,8,64,1,293420,146710.00
2026-02-27 04:54:32,scalling,ping,16,64,1,287896,143948.00
2026-02-27 04:54:32,scalling,ping,24,64,1,291215,145607.50
2026-02-27 04:54:32,scalling,ping,2,64,1,281799,140899.50
2026-02-27 04:54:32,scalling,ping,32,64,1,223686,111843.00
2026-02-27 04:54:32,scalling,ping,4,64,1,292637,146318.50
2026-02-27 04:54:32,scalling,ping,8,64,1,293420,146710.00
2026-02-27 04:58:58,scalling,ping,16,64,1,287896,143948.00
2026-02-27 04:58:58,scalling,ping,24,64,1,290476,145238.00
2026-02-27 04:58:58,scalling,ping,2,64,1,281799,140899.50
2026-02-27 04:58:58,scalling,ping,32,64,1,223686,111843.00
2026-02-27 04:58:58,scalling,ping,4,64,1,292637,146318.50
2026-02-27 04:58:58,scalling,ping,8,64,1,293420,146710.00
2026-02-27 05:01:20,scalling,ping,16,64,1,287896,143948.00
2026-02-27 05:01:20,scalling,ping,24,64,1,289629,144814.50
2026-02-27 05:01:20,scalling,ping,2,64,1,281799,140899.50
2026-02-27 05:01:20,scalling,ping,32,64,1,223686,111843.00
2026-02-27 05:01:20,scalling,ping,4,64,1,292637,146318.50
2026-02-27 05:01:20,scalling,ping,8,64,1,293420,146710.00
2026-02-27 05:04:25,scalling,ping,16,64,1,287896,143948.00
2026-02-27 05:04:25,scalling,ping,24,64,1,404467,134822.33
2026-02-27 05:04:25,scalling,ping,2,64,1,281799,140899.50
2026-02-27 05:04:25,scalling,ping,32,64,1,223686,111843.00
2026-02-27 05:04:25,scalling,ping,4,64,1,292637,146318.50
2026-02-27 05:04:25,scalling,ping,8,64,1,293420,146710.00
2026-02-27 05:58:43,single_client_scalling_4-32,ping,16,64,1,109113,109113.00
2026-02-27 05:58:43,single_client_scalling_4-32,ping,24,64,1,82182.4,82182.40
2026-02-27 05:58:43,single_client_scalling_4-32,ping,32,64,1,57316.6,57316.60
2026-02-27 05:58:43,single_client_scalling_4-32,ping,4,64,1,117086,117086.00
2026-02-27 05:58:43,single_client_scalling_4-32,ping,8,64,1,123626,123626.00
2026-02-27 06:10:14,two_client_scalling_4-32,ping,16,64,1,233218,116609.00
2026-02-27 06:10:14,two_client_scalling_4-32,ping,24,64,1,162943.9,81471.95
2026-02-27 06:10:14,two_client_scalling_4-32,ping,32,64,1,118487.9,59243.95
2026-02-27 06:10:14,two_client_scalling_4-32,ping,4,64,1,238250.9,119125.45
2026-02-27 06:10:14,two_client_scalling_4-32,ping,8,64,1,249795,124897.50
2026-02-27 06:53:40,four_client_scalling_4-32,ping,16,64,1,263800.7,65950.17
2026-02-27 06:53:40,four_client_scalling_4-32,ping,24,64,1,170876.9,42719.22
2026-02-27 06:53:40,four_client_scalling_4-32,ping,32,64,1,64116.9,16029.22
2026-02-27 06:53:40,four_client_scalling_4-32,ping,4,64,1,421075.5,105268.87
2026-02-27 06:53:40,four_client_scalling_4-32,ping,8,64,1,376082.0,94020.50
2026-02-27 07:26:41,Debug_start_32_core_OOB,ping,32,64,1,117314.4,58657.20
2026-02-27 11:48:30,offline_core,ping,16,64,1,121902.9,60951.45
2026-02-27 11:48:30,offline_core,ping,24,64,1,87249,43624.50
2026-02-27 11:48:30,offline_core,ping,32,64,1,69269.7,34634.85
2026-02-27 11:48:30,offline_core,ping,4,64,1,292604,146302.00
2026-02-27 11:48:30,offline_core,ping,8,64,1,232796,116398.00
2026-02-28 10:14:32,64core,ping,64,64,1,223783.8,55945.95
2026-02-28 10:40:13,run1,ping,32,64,1,0,0
2026-02-28 10:40:13,run1,ping,64,64,1,223936.3,55984.07
2026-02-28 10:54:12,cbb_scalling,ping,112,64,1,,
2026-02-28 10:54:12,cbb_scalling,ping,168,64,1,0,0
2026-02-28 10:54:12,cbb_scalling,ping,224,64,1,0,0
2026-02-28 10:54:12,cbb_scalling,ping,56,64,1,2183611,545902.75
2026-02-28 11:07:15,cbb_scalling,ping,112,64,1,,
2026-02-28 11:07:15,cbb_scalling,ping,168,64,1,0,0
2026-02-28 11:07:15,cbb_scalling,ping,224,64,1,0,0
2026-02-28 11:07:15,cbb_scalling,ping,32,64,1,0,0
2026-02-28 11:07:15,cbb_scalling,ping,56,64,1,2190627,547656.75
2026-02-28 11:12:28,ping_run1,ping,32,64,1,103809.3,34603.10
2026-02-28 11:18:25,cbb_scalling_224,ping,224,64,1,0,0
2026-02-28 11:20:33,cbb_scalling_224,ping,224,64,1,0,0
2026-02-28 11:28:23,cbb_scalling_224,ping,224,64,1,0,0
2026-02-28 11:53:03,test,ping,224,64,1,14855.21,3713.80
2026-02-28 12:00:52,test,ping,224,64,1,64504.3,16126.07
2026-02-28 12:12:22,test,ping,224,64,1,64504.3,16126.07
2026-02-28 12:12:49,test,ping,224,64,1,64504.3,16126.07
2026-02-28 12:15:33,test,ping,224,64,1,64504.3,16126.07
2026-02-28 12:15:33,test,ping,56,64,1,143062.2,35765.55
2026-02-28 12:19:29,test,ping,224,64,1,64504.3,16126.07
2026-02-28 12:19:29,test,ping,56,64,1,71576.8,35788.40
2026-02-28 12:33:15,56,ping,56,64,1,73929.3,36964.65
2026-02-28 12:43:50,112,ping,56,64,1,42303.6,21151.80
2026-02-28 12:52:08,168,ping,56,64,1,38822.8,19411.40
2026-02-28 13:02:25,224,ping,16,64,1,0,0
2026-02-28 13:02:25,224,ping,56,64,1,95422.7,47711.35
2026-02-28 13:07:28,224-1client,ping,56,64,1,79795.2,39897.60
2026-02-28 13:15:16,224-1client,ping,56,64,16,1053083,526541.50
2026-02-28 13:15:16,224-1client,ping,56,64,1,79795.2,39897.60
2026-03-01 21:58:21,test2,ping,,64,16,0,0
2026-03-01 22:03:37,test2,ping,,64,16,0,0
2026-03-01 22:16:41,test,ping,56,64,16,41430.7,41430.70
2026-03-01 22:16:41,test,ping,,64,16,0,0
2026-03-01 22:16:41,test,ping,224,64,1,64504.3,16126.07
2026-03-01 22:16:41,test,ping,56,64,1,71576.8,35788.40
2026-03-01 23:28:17,test,ping,112,64,16,18802.3,18802.30
2026-03-01 23:28:17,test,ping,168,64,16,0,0
2026-03-01 23:28:17,test,ping,56,64,16,0,0
2026-03-01 23:28:17,test,ping,,64,16,0,0
2026-03-01 23:28:17,test,ping,224,64,1,64504.3,16126.07
2026-03-01 23:28:17,test,ping,56,64,1,26412.82,6603.20
2026-03-01 23:38:54,test,ping,112,64,16,18802.3,18802.30
2026-03-01 23:38:54,test,ping,168,64,16,0,0
2026-03-01 23:38:54,test,ping,56,64,16,0,0
2026-03-01 23:38:54,test,ping,,64,16,0,0
2026-03-01 23:38:54,test,ping,224,64,1,64504.3,16126.07
2026-03-01 23:38:54,test,ping,56,64,1,74094.8,18523.70
2026-03-02 00:01:24,redis_run0_cbb0_core0-56_client-4_oob,ping,4,64,1,0,0
2026-03-02 00:01:24,redis_run0_cbb0_core0-56_client-4_oob,ping,56,64,1,73895.0,18473.75
2026-03-02 00:05:16,redis_run0_cbb1_core56-112_client-4_oob,ping,56,64,1,72821.4,18205.35
2026-03-02 00:25:03,redis_run0_cbb3_core56-112_client-4_oob,ping,56,64,1,34745.21,8686.30
2026-03-02 00:38:47,redis_run0_cbb3_core112-167_client-4_oob,ping,56,64,1,34639.86,8659.96
2026-03-02 00:51:08,redis_run0_cbb4_core56-112_client-4_oob,ping,56,64,1,130271.4,32567.85
2026-03-02 04:00:30,run1,ping,224,64,1,74766.9,18691.72
2026-03-02 04:03:59,run1_224_combined,ping,224,64,1,59703.2,14925.80
2026-03-02 04:06:50,run1_56_combined,ping,224,64,1,208345.9,52086.47
2026-03-02 04:12:48,run1_56_combined_cbb0,ping,56,64,1,111921.1,27980.27
2026-03-02 04:15:28,run1_28_combined_cbb0,ping,56,64,1,244762.2,61190.55
2026-03-02 04:18:15,run1_28_combined,ping,56,64,1,399247.9,99811.97
2026-03-02 04:20:37,run1_8_combined,ping,56,64,1,248466.7,62116.67
2026-03-02 04:27:52,run1_16_combined,ping,56,64,1,402409.3,100602.32
2026-03-02 04:31:14,run1_20_combined,ping,56,64,1,373502.6,93375.65
2026-03-02 04:39:12,run1_16_combined,ping,56,64,1,374304.4,93576.10
2026-03-02 04:42:15,run1_14_combined,ping,56,64,1,377229.0,94307.25
2026-03-02 04:45:33,run1_16_combined,ping,56,64,1,374420.7,93605.17
2026-03-02 04:50:10,core_0-112_combined_14,ping,112,64,1,127894.2,31973.55
2026-03-02 04:52:35,core_0-112_combined_28,ping,112,64,1,234613.7,58653.42
2026-03-02 04:55:11,core_0-112_combined_48,ping,112,64,1,94450.0,23612.50
2026-03-02 04:59:48,core_0-112_combined_32,ping,112,64,1,213221.9,53305.47
2026-03-02 05:03:07,core_0-112_combined_24,ping,112,64,1,220384.0,55096.00
2026-03-02 05:07:36,core_0-168_combined_28,ping,168,64,1,151905.5,37976.37
2026-03-02 05:08:51,core_0-168_combined_28,ping,168,64,1,151905.5,37976.37
2026-03-02 05:13:30,core_0-168_combined_56,ping,168,64,1,42628.20,10657.05
2026-03-02 07:04:08,core_0-224_combined_56,ping,224,64,1,27992.61,6998.15
2026-03-02 07:12:07,core_0-224_combined_28,ping,224,64,1,107350.0,26837.50
2026-03-02 07:27:07,core_0-224_combined_56_distribute_37irw,ping,224,64,1,103414.3,25853.57
2026-03-02 07:37:48,core_0-224_combined_56_distribute_67,ping,224,64,1,204503.4,51125.85
2026-03-02 09:38:08,core_0-224_combined_56_distribute_67,ping,224,64,1,198607.6,49651.90
2026-03-02 09:46:23,core_0-111_combined_28_distribute_37,ping,112,64,1,248092.6,62023.15
2026-03-02 10:01:58,core_0-167_combined_42_distribute_51,ping,168,64,1,218524.5,54631.12
2026-03-02 10:34:32,core_0-3_combined_8_distribute_16,ping,4,64,1,593929,148482.25
2026-03-02 10:38:00,core_0-7_combined_8_distribute_16,ping,8,64,1,575080,143770.00
2026-03-02 10:41:46,core_0-15_combined_8_distribute_16,ping,16,64,1,480725,120181.25
2026-03-02 10:45:19,core_0-15_combined_16_distribute_16,ping,16,64,1,475668,118917.00
2026-03-02 10:57:18,core_0-23wq_combined_16_distribute_16,ping,24,64,1,395980.7,98995.17
2026-03-02 11:02:35,core_0-31_combined_16_distribute_16,ping,32,64,1,381736.7,95434.17
2026-03-02 22:03:05,redis_run0_cbb1_core56-112_client-4_FF2.2_combined_16,ping,56,64,1,336523.9,84130.97
2026-03-02 22:25:58,redis_run0_cbb1_core56-112_client-4_FF2.2_combined_16_irq,ping,56,64,1,332884.6,83221.15
2026-03-03 00:34:32,redis_run0_cbb1_core56-112_client-4_FF2.2_combined_16_irq_25,ping,56,64,1,343772.0,85943.00
2026-03-03 01:11:26,redis_run0_cbb3_core112-167_client-4_FF2.2_combined_16_irq_25,ping,56,64,1,352492.3,88123.07
2026-03-03 01:30:02,redis_run0_cbb4_core168-223_client-4_FF2.2_combined_16_irq_25,ping,56,64,1,353406.9,88351.72
2026-03-03 01:43:29,redis_run0_cbb4_core168-223_client-4_FF2.2_combined_16_irq_25,ping,56,64,1,354258.8,88564.70
2026-03-03 02:26:17,Core_0-55_CCB0_irq_combined_14_local_pipe_1_size_64,ping,56,64,1,329656.7,82414.17
2026-03-03 02:28:25,Core_56-111_CCB1_irq_combined_14_local_pipe_1_size_64,ping,56,64,1,345520.8,86380.20
2026-03-03 02:30:32,Core_112-167_CCB2_irq_combined_14_local_pipe_1_size_64,ping,56,64,1,348508.4,87127.10
2026-03-03 02:32:40,Core_168-223_CCB3_irq_combined_14_local_pipe_1_size_64,ping,56,64,1,349662.3,87415.57
2026-03-03 02:44:22,Core_0-55_CCB0_irq_combined_16_local_pipe_1_size_64,ping,56,64,1,340987.8,85246.95
2026-03-03 02:46:30,Core_56-111_CCB1_irq_combined_16_local_pipe_1_size_64,ping,56,64,1,352644.6,88161.15
2026-03-03 02:48:37,Core_112-167_CCB2_irq_combined_16_local_pipe_1_size_64,ping,56,64,1,354379.8,88594.95
2026-03-03 02:50:44,Core_168-223_CCB3_irq_combined_16_local_pipe_1_size_64,ping,56,64,1,358817.9,89704.47
2026-03-03 03:02:09,Core_0-55_CCB0_irq_combined_20_local_pipe_1_size_64,ping,56,64,1,336922.6,84230.65
2026-03-03 03:04:17,Core_56-111_CCB1_irq_combined_20_local_pipe_1_size_64,ping,56,64,1,341556.6,85389.15
2026-03-03 03:06:25,Core_112-167_CCB2_irq_combined_20_local_pipe_1_size_64,ping,56,64,1,347616.6,86904.15
2026-03-03 03:08:32,Core_168-223_CCB3_irq_combined_20_local_pipe_1_size_64,ping,56,64,1,340299.0,85074.75
2026-03-03 22:33:26,cbb_scaling_Core_0-55_CCB0_irq_combined_14_local_pipe_1_size_64,ping,56,64,1,328634.2,82158.55
2026-03-03 22:35:39,cbb_scaling_Core_0-111_CCB1_irq_combined_28_local_pipe_1_size_64,ping,112,64,1,129798.6,32449.65
2026-03-03 22:37:56,cbb_scaling_Core_0-167_CCB2_irq_combined_42_local_pipe_1_size_64,ping,168,64,1,76385.7,19096.42
2026-03-03 22:40:17,cbb_scaling_Core_0-223_CCB3_irq_combined_56_local_pipe_1_size_64,ping,223,64,1,0,0
2026-03-03 23:40:09,cbb_scaling_Core_0-55_CCB0_irq_combined_14_local_pipe_1_size_64,ping,56,64,1,342887.6,85721.90
2026-03-03 23:42:20,cbb_scaling_Core_0-111_CCB1_irq_combined_28_local_pipe_1_size_64,ping,112,64,1,261424.4,65356.10
2026-03-03 23:44:36,cbb_scaling_Core_0-167_CCB2_irq_combined_42_local_pipe_1_size_64,ping,168,64,1,225456.6,56364.15
2026-03-03 23:46:58,cbb_scaling_Core_0-223_CCB3_irq_combined_56_local_pipe_1_size_64,ping,223,64,1,0,0
2026-03-03 23:46:58,cbb_scaling_Core_0-223_CCB3_irq_combined_56_local_pipe_1_size_64,ping,224,64,1,199017.1,49754.27
2026-03-03 23:55:37,cbb_scaling_Core_0-55_Single_NUMA_Node_irq_combined_16_local_pipe_1_size_64,ping,56,64,1,345348.7,86337.17
2026-03-04 00:05:41,cbb_scaling_Core_0-55_CBB0_irq_combined_16_local_pipe_1_size_64,ping,56,64,1,342057.2,85514.30
2026-03-04 00:08:51,cbb_scaling_Core_0-55_CBB0_irq_combined_16_local_pipe_1_size_64,ping,56,64,1,344274.4,86068.60
2026-03-04 00:12:37,cbb_scaling_Core_0-55_CBB0_irq_combined_16_local_pipe_1_size_64,ping,56,64,1,340593.1,85148.27
2026-03-04 00:14:48,cbb_scaling_Core_0-111_CBB1_irq_combined_32_local_pipe_1_size_64,ping,112,64,1,260325.3,65081.32
2026-03-04 00:17:05,cbb_scaling_Core_0-167_CBB2_irq_combined_48_local_pipe_1_size_64,ping,168,64,1,228641.5,57160.37
2026-03-04 00:19:28,cbb_scaling_Core_0-223_CBB3_irq_combined_64_local_pipe_1_size_64,ping,224,64,1,201308.4,50327.10
2026-03-04 00:39:19,Core_0-55_CCB0_irq_combined_20_local_pipe_1_size_64,ping,56,64,1,310925.4,77731.35
2026-03-04 00:41:31,Core_56-111_CCB1_irq_combined_20_local_pipe_1_size_64,ping,56,64,1,25847.44,6461.86
2026-03-04 00:50:38,Core_0-55_CCB0_irq_combined_20_local_pipe_1_size_64,ping,56,64,1,337628.1,84407.02
2026-03-04 00:52:46,Core_56-111_CCB1_irq_combined_20_local_pipe_1_size_64,ping,56,64,1,343214.7,85803.67
2026-03-04 00:54:54,Core_112-167_CCB2_irq_combined_20_local_pipe_1_size_64,ping,56,64,1,348160.3,87040.07
2026-03-04 00:57:02,Core_168-223_CCB3_irq_combined_20_local_pipe_1_size_64,ping,56,64,1,348426.7,87106.67
2026-03-04 07:21:48,test,ping,112,64,16,18802.3,18802.30
2026-03-04 07:21:48,test,ping,168,64,16,0,0
2026-03-04 07:21:48,test,ping,56,64,16,0,0
2026-03-04 07:21:48,test,ping,,64,16,0,0
2026-03-04 07:21:48,test,ping,224,64,1,64504.3,16126.07
2026-03-04 07:21:48,test,ping,56,64,1,278621.3,69655.32
2026-03-04 09:05:35,cbb_scaling_Core_0-55_CCB0_irq_combined_14_local_pipe_1_size_64,ping,56,64,1,368236.0,92059.00
2026-03-04 09:07:49,cbb_scaling_Core_0-111_CCB1_irq_combined_28_local_pipe_1_size_64,ping,112,64,1,211734.4,52933.60
2026-03-04 09:10:09,cbb_scaling_Core_0-167_CCB2_irq_combined_42_local_pipe_1_size_64,ping,168,64,1,104561.9,26140.47
2026-03-04 09:12:38,cbb_scaling_Core_0-223_CCB3_irq_combined_56_local_pipe_1_size_64,ping,223,64,1,0,0
2026-03-04 09:12:38,cbb_scaling_Core_0-223_CCB3_irq_combined_56_local_pipe_1_size_64,ping,224,64,1,62836.2,15709.05
2026-03-06 01:28:47,cbb_scaling_Core_0-55_CCB0_irq_combined_14_local_pipe_1_size_64,ping,56,64,1,367966.9,91991.72
2026-03-06 09:24:09,cbb_scaling_Core_0-55_CBB0_irq_combined_16_local_pipe_1_size_64,ping,56,64,1,396650.7,99162.67
2026-03-06 09:28:20,cbb_scaling_Core_0-55_CCB0_irq_combined_14_local_pipe_1_size_64,ping,56,64,1,397695.0,99423.75
2026-03-06 09:29:57,cbb_scaling_Core_0-111_CCB1_irq_combined_28_local_pipe_1_size_64,ping,112,64,1,117600.6,29400.15
2026-03-06 09:33:11,cbb_scaling_Core_0-111_CCB1_irq_combined_28_local_pipe_1_size_64,ping,112,64,1,231128.1,57782.02
2026-03-06 10:03:33,cbb_scaling_Core_0-55_CCB0_irq_combined_14_local_pipe_1_size_64,ping,56,64,1,402937.4,100734.35
2026-03-06 10:11:46,cbb_scaling_Core_0-111_CCB1_irq_combined_28_local_pipe_1_size_64,ping,112,64,1,188980.4,47245.10
2026-03-06 10:16:03,cbb_scaling_Core_0-111_CCB1_irq_combined_28_local_pipe_1_size_64,ping,112,64,1,243931.4,60982.85
2026-03-06 10:50:53,cbb_scaling_Core_0-167_CCB2_irq_combined_42_local_pipe_1_size_64,ping,168,64,1,105070.1,26267.52
2026-03-06 10:55:33,cbb_scaling_Core_0-167_CCB2_irq_combined_42_local_pipe_1_size_64,ping,112,64,1,103989.9,25997.47
2026-03-06 10:55:33,cbb_scaling_Core_0-167_CCB2_irq_combined_42_local_pipe_1_size_64,ping,168,64,1,105070.1,26267.52
2026-03-06 10:58:47,Core_0-55_CCB0_irq_combined_16_local_pipe_1_size_64,ping,56,64,1,315262.7,78815.67
2026-03-06 10:59:38,Core_56-111_CCB1_irq_combined_16_local_pipe_1_size_64,ping,56,64,1,402436.7,100609.17
2026-03-06 11:00:27,Core_112-167_CCB2_irq_combined_16_local_pipe_1_size_64,ping,56,64,1,390126.9,97531.72
2026-03-06 11:01:16,Core_168-223_CCB3_irq_combined_16_local_pipe_1_size_64,ping,56,64,1,400405.7,100101.42
2026-03-06 11:02:44,Core_0-55_CCB0_irq_combined_16_local_pipe_1_size_64,ping,56,64,1,318926.0,79731.50
2026-03-06 11:03:35,Core_56-111_CCB1_irq_combined_16_local_pipe_1_size_64,ping,56,64,1,398710.9,99677.72
2026-03-06 11:04:24,Core_112-167_CCB2_irq_combined_16_local_pipe_1_size_64,ping,56,64,1,398678.8,99669.70
2026-03-06 11:05:14,Core_168-223_CCB3_irq_combined_16_local_pipe_1_size_64,ping,56,64,1,391072.4,97768.10
2026-03-06 11:07:30,Core_0-55_CCB0_irq_combined_16_local_pipe_1_size_64,ping,56,64,1,405790.8,101447.70
2026-03-06 11:08:22,Core_56-111_CCB1_irq_combined_16_local_pipe_1_size_64,ping,56,64,1,26538.33,6634.58
2026-03-06 11:13:38,Core_0-55_CCB0_irq_combined_28_local_pipe_1_size_64,ping,56,64,1,401610.5,100402.62
2026-03-06 11:14:28,Core_56-111_CCB1_irq_combined_28_local_pipe_1_size_64,ping,56,64,1,349096.6,87274.15
2026-03-06 11:15:19,Core_112-167_CCB2_irq_combined_28_local_pipe_1_size_64,ping,56,64,1,341206.3,85301.57
2026-03-06 11:16:08,Core_168-223_CCB3_irq_combined_28_local_pipe_1_size_64,ping,56,64,1,352644.7,88161.17
2026-03-06 11:31:41,cbb_scaling_Core_0-167_CCB2_irq_combined_42_local_pipe_1_size_64,ping,112,64,1,103989.9,25997.47
2026-03-06 11:31:41,cbb_scaling_Core_0-167_CCB2_irq_combined_42_local_pipe_1_size_64,ping,168,64,1,148864.6,37216.15
2026-03-06 11:34:21,cbb_scaling_Core_0-167_CCB2_irq_combined_42_local_pipe_1_size_64,ping,112,64,1,103989.9,25997.47
2026-03-06 11:34:21,cbb_scaling_Core_0-167_CCB2_irq_combined_42_local_pipe_1_size_64,ping,168,64,1,137518.5,34379.62
2026-03-06 11:49:53,cbb_scaling_Core_0-55_CCB0_irq_combined_14_local_pipe_1_size_64,ping,56,64,1,386703.7,96675.92
2026-03-06 11:52:30,cbb_scaling_Core_0-111_CCB1_irq_combined_28_local_pipe_1_size_64,ping,112,64,1,209603.5,52400.87
2026-03-06 11:55:24,cbb_scaling_Core_0-167_CCB2_irq_combined_42_local_pipe_1_size_64,ping,112,64,1,103989.9,25997.47
2026-03-06 11:55:24,cbb_scaling_Core_0-167_CCB2_irq_combined_42_local_pipe_1_size_64,ping,168,64,1,114728.6,28682.15
2026-03-06 11:58:43,cbb_scaling_Core_0-223_CCB3_irq_combined_56_local_pipe_1_size_64,ping,223,64,1,0,0
2026-03-06 11:58:43,cbb_scaling_Core_0-223_CCB3_irq_combined_56_local_pipe_1_size_64,ping,224,64,1,66511.0,16627.75
2026-03-06 12:09:57,cbb_scaling_Core_0-223_CCB3_irq_combined_56_local_pipe_1_size_64,ping,223,64,1,0,0
2026-03-06 12:09:57,cbb_scaling_Core_0-223_CCB3_irq_combined_56_local_pipe_1_size_64,ping,224,64,1,112940.6,28235.15
2026-03-06 12:19:58,cbb_scaling_Core_0-223_CCB3_irq_combined_56_local_pipe_1_size_64,ping,223,64,1,0,0
2026-03-06 12:19:58,cbb_scaling_Core_0-223_CCB3_irq_combined_56_local_pipe_1_size_64,ping,224,64,1,51582.53,12895.63
2026-03-06 22:09:40,cbb_scaling_Core_0-223_CCB3_irq_combined_56_local_pipe_1_size_64,ping,223,64,1,0,0
2026-03-06 22:09:40,cbb_scaling_Core_0-223_CCB3_irq_combined_56_local_pipe_1_size_64,ping,224,64,1,48485.9,12121.47
2026-03-06 22:19:24,cbb_scaling_Core_0-223_CCB3_irq_combined_56_local_pipe_1_size_64,ping,223,64,1,0,0
2026-03-06 22:19:24,cbb_scaling_Core_0-223_CCB3_irq_combined_56_local_pipe_1_size_64,ping,224,64,1,108673.3,27168.32
2026-03-06 22:25:15,cbb_scaling_Core_0-223_CCB3_irq_combined_56_local_pipe_1_size_64,ping,223,64,1,0,0
2026-03-06 22:25:15,cbb_scaling_Core_0-223_CCB3_irq_combined_56_local_pipe_1_size_64,ping,224,64,1,166553.6,41638.40
2026-03-06 22:26:46,cbb_scaling_Core_0-223_CCB3_irq_combined_56_local_pipe_1_size_64,ping,223,64,1,0,0
2026-03-06 22:26:46,cbb_scaling_Core_0-223_CCB3_irq_combined_56_local_pipe_1_size_64,ping,224,64,1,166553.6,41638.40
2026-03-06 22:26:46,cbb_scaling_Core_0-223_CCB3_irq_combined_56_local_pipe_1_size_64,ping,224,64,4,433876.3,108469.07
2026-03-06 22:28:38,cbb_scaling_Core_0-223_CCB3_irq_combined_56_local_pipe_1_size_64,ping,224,64,16,2700803,675200.75
2026-03-06 22:28:38,cbb_scaling_Core_0-223_CCB3_irq_combined_56_local_pipe_1_size_64,ping,223,64,1,0,0
2026-03-06 22:28:38,cbb_scaling_Core_0-223_CCB3_irq_combined_56_local_pipe_1_size_64,ping,224,64,1,166553.6,41638.40
2026-03-06 22:28:38,cbb_scaling_Core_0-223_CCB3_irq_combined_56_local_pipe_1_size_64,ping,224,64,4,433876.3,108469.07
2026-03-06 22:31:05,cbb_scaling_Core_0-223_CCB3_irq_combined_56_local_pipe_1_size_64,ping,224,64,16,0,0
2026-03-06 22:31:05,cbb_scaling_Core_0-223_CCB3_irq_combined_56_local_pipe_1_size_64,ping,223,64,1,0,0
2026-03-06 22:31:05,cbb_scaling_Core_0-223_CCB3_irq_combined_56_local_pipe_1_size_64,ping,224,64,1,166553.6,41638.40
2026-03-06 22:31:05,cbb_scaling_Core_0-223_CCB3_irq_combined_56_local_pipe_1_size_64,ping,224,64,32,,
2026-03-06 22:31:05,cbb_scaling_Core_0-223_CCB3_irq_combined_56_local_pipe_1_size_64,ping,224,64,4,433876.3,108469.07
2026-03-06 22:36:11,cbb_scaling_Core_0-223_CCB3_irq_combined_56_local_pipe_1_size_64,ping,224,64,16,0,0
2026-03-06 22:36:11,cbb_scaling_Core_0-223_CCB3_irq_combined_56_local_pipe_1_size_64,ping,223,64,1,0,0
2026-03-06 22:36:11,cbb_scaling_Core_0-223_CCB3_irq_combined_56_local_pipe_1_size_64,ping,224,64,1,166553.6,41638.40
2026-03-06 22:36:11,cbb_scaling_Core_0-223_CCB3_irq_combined_56_local_pipe_1_size_64,ping,224,64,32,,
2026-03-06 22:36:11,cbb_scaling_Core_0-223_CCB3_irq_combined_56_local_pipe_1_size_64,ping,224,64,4,433876.3,108469.07
2026-03-06 22:55:47,cbb_scaling_Core_0-223_CCB3_irq_combined_56_local_pipe_1_size_64,ping,224,64,16,0,0
2026-03-06 22:55:47,cbb_scaling_Core_0-223_CCB3_irq_combined_56_local_pipe_1_size_64,ping,223,64,1,0,0
2026-03-06 22:55:47,cbb_scaling_Core_0-223_CCB3_irq_combined_56_local_pipe_1_size_64,ping,224,64,1,166553.6,41638.40
2026-03-06 22:55:47,cbb_scaling_Core_0-223_CCB3_irq_combined_56_local_pipe_1_size_64,ping,224,64,32,,
2026-03-06 22:55:47,cbb_scaling_Core_0-223_CCB3_irq_combined_56_local_pipe_1_size_64,ping,224,64,4,433876.3,108469.07
2026-03-06 22:58:05,cbb_scaling_Core_0-223_CCB3_irq_combined_56_local_pipe_1_size_64,ping,224,64,16,0,0
2026-03-06 22:58:05,cbb_scaling_Core_0-223_CCB3_irq_combined_56_local_pipe_1_size_64,ping,223,64,1,0,0
2026-03-06 22:58:05,cbb_scaling_Core_0-223_CCB3_irq_combined_56_local_pipe_1_size_64,ping,224,64,1,166553.6,41638.40
2026-03-06 22:58:05,cbb_scaling_Core_0-223_CCB3_irq_combined_56_local_pipe_1_size_64,ping,224,64,32,,
2026-03-06 22:58:05,cbb_scaling_Core_0-223_CCB3_irq_combined_56_local_pipe_1_size_64,ping,224,64,4,433876.3,108469.07
2026-03-06 23:03:05,cbb_scaling_Core_0-223_CCB3_irq_combined_56_local_pipe_1_size_64,ping,224,64,16,0,0
2026-03-06 23:03:05,cbb_scaling_Core_0-223_CCB3_irq_combined_56_local_pipe_1_size_64,ping,223,64,1,0,0
2026-03-06 23:03:05,cbb_scaling_Core_0-223_CCB3_irq_combined_56_local_pipe_1_size_64,ping,224,64,1,166553.6,41638.40
2026-03-06 23:03:05,cbb_scaling_Core_0-223_CCB3_irq_combined_56_local_pipe_1_size_64,ping,224,64,32,,
2026-03-06 23:03:05,cbb_scaling_Core_0-223_CCB3_irq_combined_56_local_pipe_1_size_64,ping,224,64,4,433876.3,108469.07
2026-03-06 23:03:05,cbb_scaling_Core_0-223_CCB3_irq_combined_56_local_pipe_1_size_64,ping,224,64,64,,
2026-03-06 23:05:57,cbb_scaling_Core_0-223_CCB3_irq_combined_56_local_pipe_1_size_64,ping,224,64,16,2713513,678378.25
2026-03-06 23:05:57,cbb_scaling_Core_0-223_CCB3_irq_combined_56_local_pipe_1_size_64,ping,223,64,1,0,0
2026-03-06 23:05:57,cbb_scaling_Core_0-223_CCB3_irq_combined_56_local_pipe_1_size_64,ping,224,64,1,166553.6,41638.40
2026-03-06 23:05:57,cbb_scaling_Core_0-223_CCB3_irq_combined_56_local_pipe_1_size_64,ping,224,64,32,,
2026-03-06 23:05:57,cbb_scaling_Core_0-223_CCB3_irq_combined_56_local_pipe_1_size_64,ping,224,64,4,433876.3,108469.07
2026-03-06 23:05:57,cbb_scaling_Core_0-223_CCB3_irq_combined_56_local_pipe_1_size_64,ping,224,64,64,,
2026-03-06 23:08:12,cbb_scaling_Core_0-223_CCB3_irq_combined_56_local_pipe_1_size_64,ping,224,64,16,2713513,678378.25
2026-03-06 23:08:12,cbb_scaling_Core_0-223_CCB3_irq_combined_56_local_pipe_1_size_64,ping,223,64,1,0,0
2026-03-06 23:08:12,cbb_scaling_Core_0-223_CCB3_irq_combined_56_local_pipe_1_size_64,ping,224,64,1,105969.4,26492.35
2026-03-06 23:08:12,cbb_scaling_Core_0-223_CCB3_irq_combined_56_local_pipe_1_size_64,ping,224,64,32,,
2026-03-06 23:08:12,cbb_scaling_Core_0-223_CCB3_irq_combined_56_local_pipe_1_size_64,ping,224,64,4,433876.3,108469.07
2026-03-06 23:08:12,cbb_scaling_Core_0-223_CCB3_irq_combined_56_local_pipe_1_size_64,ping,224,64,64,,
2026-03-06 23:11:51,cbb_scaling_Core_0-223_CCB3_irq_combined_56_local_pipe_1_size_64,ping,224,128,16,2757925,689481.25
2026-03-06 23:11:51,cbb_scaling_Core_0-223_CCB3_irq_combined_56_local_pipe_1_size_64,ping,224,64,16,2713513,678378.25
2026-03-06 23:11:51,cbb_scaling_Core_0-223_CCB3_irq_combined_56_local_pipe_1_size_64,ping,223,64,1,0,0
2026-03-06 23:11:51,cbb_scaling_Core_0-223_CCB3_irq_combined_56_local_pipe_1_size_64,ping,224,64,1,105969.4,26492.35
2026-03-06 23:11:51,cbb_scaling_Core_0-223_CCB3_irq_combined_56_local_pipe_1_size_64,ping,224,64,32,,
2026-03-06 23:11:51,cbb_scaling_Core_0-223_CCB3_irq_combined_56_local_pipe_1_size_64,ping,224,64,4,433876.3,108469.07
2026-03-06 23:11:51,cbb_scaling_Core_0-223_CCB3_irq_combined_56_local_pipe_1_size_64,ping,224,64,64,,
2026-03-06 23:15:10,cbb_scaling_Core_0-223_CCB3_irq_combined_56_local_pipe_1_size_64,ping,224,128,16,2506170,626542.50
2026-03-06 23:15:10,cbb_scaling_Core_0-223_CCB3_irq_combined_56_local_pipe_1_size_64,ping,224,64,16,2713513,678378.25
2026-03-06 23:15:10,cbb_scaling_Core_0-223_CCB3_irq_combined_56_local_pipe_1_size_64,ping,223,64,1,0,0
2026-03-06 23:15:10,cbb_scaling_Core_0-223_CCB3_irq_combined_56_local_pipe_1_size_64,ping,224,64,1,105969.4,26492.35
2026-03-06 23:15:10,cbb_scaling_Core_0-223_CCB3_irq_combined_56_local_pipe_1_size_64,ping,224,64,32,,
2026-03-06 23:15:10,cbb_scaling_Core_0-223_CCB3_irq_combined_56_local_pipe_1_size_64,ping,224,64,4,433876.3,108469.07
2026-03-06 23:15:10,cbb_scaling_Core_0-223_CCB3_irq_combined_56_local_pipe_1_size_64,ping,224,64,64,,
2026-03-06 23:16:47,cbb_scaling_Core_0-223_CCB3_irq_combined_56_local_pipe_1_size_64,ping,224,128,16,2506170,626542.50
2026-03-06 23:16:47,cbb_scaling_Core_0-223_CCB3_irq_combined_56_local_pipe_1_size_64,ping,224,64,16,2713513,678378.25
2026-03-06 23:16:47,cbb_scaling_Core_0-223_CCB3_irq_combined_56_local_pipe_1_size_64,ping,223,64,1,0,0
2026-03-06 23:16:47,cbb_scaling_Core_0-223_CCB3_irq_combined_56_local_pipe_1_size_64,ping,224,64,1,89102.4,22275.60
2026-03-06 23:16:47,cbb_scaling_Core_0-223_CCB3_irq_combined_56_local_pipe_1_size_64,ping,224,64,32,,
2026-03-06 23:16:47,cbb_scaling_Core_0-223_CCB3_irq_combined_56_local_pipe_1_size_64,ping,224,64,4,433876.3,108469.07
2026-03-06 23:16:47,cbb_scaling_Core_0-223_CCB3_irq_combined_56_local_pipe_1_size_64,ping,224,64,64,,
2026-03-06 23:23:53,cbb_scaling_Core_0-223_CCB3_irq_combined_56_local_pipe_1_size_64,ping,224,128,16,2506170,626542.50
2026-03-06 23:23:53,cbb_scaling_Core_0-223_CCB3_irq_combined_56_local_pipe_1_size_64,ping,224,64,16,2713513,678378.25
2026-03-06 23:23:53,cbb_scaling_Core_0-223_CCB3_irq_combined_56_local_pipe_1_size_64,ping,112,64,1,222211.9,55552.97
2026-03-06 23:23:53,cbb_scaling_Core_0-223_CCB3_irq_combined_56_local_pipe_1_size_64,ping,223,64,1,0,0
2026-03-06 23:23:53,cbb_scaling_Core_0-223_CCB3_irq_combined_56_local_pipe_1_size_64,ping,224,64,1,0,0
2026-03-06 23:23:53,cbb_scaling_Core_0-223_CCB3_irq_combined_56_local_pipe_1_size_64,ping,224,64,32,,
2026-03-06 23:23:53,cbb_scaling_Core_0-223_CCB3_irq_combined_56_local_pipe_1_size_64,ping,224,64,4,433876.3,108469.07
2026-03-06 23:23:53,cbb_scaling_Core_0-223_CCB3_irq_combined_56_local_pipe_1_size_64,ping,224,64,64,,
2026-03-06 23:25:19,cbb_scaling_Core_0-223_CCB3_irq_combined_56_local_pipe_1_size_64,ping,224,128,16,2506170,626542.50
2026-03-06 23:25:19,cbb_scaling_Core_0-223_CCB3_irq_combined_56_local_pipe_1_size_64,ping,224,64,16,2713513,678378.25
2026-03-06 23:25:19,cbb_scaling_Core_0-223_CCB3_irq_combined_56_local_pipe_1_size_64,ping,112,64,1,223116.8,55779.20
2026-03-06 23:25:19,cbb_scaling_Core_0-223_CCB3_irq_combined_56_local_pipe_1_size_64,ping,223,64,1,0,0
2026-03-06 23:25:19,cbb_scaling_Core_0-223_CCB3_irq_combined_56_local_pipe_1_size_64,ping,224,64,1,0,0
2026-03-06 23:25:19,cbb_scaling_Core_0-223_CCB3_irq_combined_56_local_pipe_1_size_64,ping,224,64,32,,
2026-03-06 23:25:19,cbb_scaling_Core_0-223_CCB3_irq_combined_56_local_pipe_1_size_64,ping,224,64,4,433876.3,108469.07
2026-03-06 23:25:19,cbb_scaling_Core_0-223_CCB3_irq_combined_56_local_pipe_1_size_64,ping,224,64,64,,
2026-03-06 23:28:10,cbb_scaling_Core_0-223_CCB3_irq_combined_56_local_pipe_1_size_64,ping,224,128,16,2506170,626542.50
2026-03-06 23:28:10,cbb_scaling_Core_0-223_CCB3_irq_combined_56_local_pipe_1_size_64,ping,224,64,16,2713513,678378.25
2026-03-06 23:28:10,cbb_scaling_Core_0-223_CCB3_irq_combined_56_local_pipe_1_size_64,ping,112,64,1,223116.8,55779.20
2026-03-06 23:28:10,cbb_scaling_Core_0-223_CCB3_irq_combined_56_local_pipe_1_size_64,ping,223,64,1,0,0
2026-03-06 23:28:10,cbb_scaling_Core_0-223_CCB3_irq_combined_56_local_pipe_1_size_64,ping,224,64,1,0,0
2026-03-06 23:28:10,cbb_scaling_Core_0-223_CCB3_irq_combined_56_local_pipe_1_size_64,ping,112,64,2,450573,112643.25
2026-03-06 23:28:10,cbb_scaling_Core_0-223_CCB3_irq_combined_56_local_pipe_1_size_64,ping,224,64,32,,
2026-03-06 23:28:10,cbb_scaling_Core_0-223_CCB3_irq_combined_56_local_pipe_1_size_64,ping,224,64,4,433876.3,108469.07
2026-03-06 23:28:10,cbb_scaling_Core_0-223_CCB3_irq_combined_56_local_pipe_1_size_64,ping,224,64,64,,
2026-03-06 23:29:56,cbb_scaling_Core_0-223_CCB3_irq_combined_56_local_pipe_1_size_64,ping,224,128,16,2506170,626542.50
2026-03-06 23:29:56,cbb_scaling_Core_0-223_CCB3_irq_combined_56_local_pipe_1_size_64,ping,112,64,16,3406511,851627.75
2026-03-06 23:29:56,cbb_scaling_Core_0-223_CCB3_irq_combined_56_local_pipe_1_size_64,ping,224,64,16,2713513,678378.25
2026-03-06 23:29:56,cbb_scaling_Core_0-223_CCB3_irq_combined_56_local_pipe_1_size_64,ping,112,64,1,223116.8,55779.20
2026-03-06 23:29:56,cbb_scaling_Core_0-223_CCB3_irq_combined_56_local_pipe_1_size_64,ping,223,64,1,0,0
2026-03-06 23:29:56,cbb_scaling_Core_0-223_CCB3_irq_combined_56_local_pipe_1_size_64,ping,224,64,1,0,0
2026-03-06 23:29:56,cbb_scaling_Core_0-223_CCB3_irq_combined_56_local_pipe_1_size_64,ping,112,64,2,450573,112643.25
2026-03-06 23:29:56,cbb_scaling_Core_0-223_CCB3_irq_combined_56_local_pipe_1_size_64,ping,224,64,32,,
2026-03-06 23:29:56,cbb_scaling_Core_0-223_CCB3_irq_combined_56_local_pipe_1_size_64,ping,224,64,4,433876.3,108469.07
2026-03-06 23:29:56,cbb_scaling_Core_0-223_CCB3_irq_combined_56_local_pipe_1_size_64,ping,224,64,64,,
2026-03-06 23:50:05,cbb_scaling_Core_0-55_CCB0_irq_combined_14_local_pipe_1_size_64,ping,56,64,16,,
2026-03-06 23:50:05,cbb_scaling_Core_0-55_CCB0_irq_combined_14_local_pipe_1_size_64,ping,56,64,1,386703.7,96675.92
2026-03-06 23:52:47,cbb_scaling_Core_0-111_CCB1_irq_combined_28_local_pipe_1_size_64,ping,112,64,16,3386921,846730.25
2026-03-06 23:52:47,cbb_scaling_Core_0-111_CCB1_irq_combined_28_local_pipe_1_size_64,ping,112,64,1,209603.5,52400.87
2026-03-06 23:56:22,cbb_scaling_Core_0-167_CCB2_irq_combined_42_local_pipe_1_size_64,ping,168,64,16,3117650,779412.50
2026-03-06 23:56:22,cbb_scaling_Core_0-167_CCB2_irq_combined_42_local_pipe_1_size_64,ping,112,64,1,103989.9,25997.47
2026-03-06 23:56:22,cbb_scaling_Core_0-167_CCB2_irq_combined_42_local_pipe_1_size_64,ping,168,64,1,114728.6,28682.15
2026-03-06 23:59:32,cbb_scaling_Core_0-167_CCB2_irq_combined_42_local_pipe_1_size_64,ping,168,64,16,3137820,784455.00
2026-03-06 23:59:32,cbb_scaling_Core_0-167_CCB2_irq_combined_42_local_pipe_1_size_64,ping,112,64,1,103989.9,25997.47
2026-03-06 23:59:32,cbb_scaling_Core_0-167_CCB2_irq_combined_42_local_pipe_1_size_64,ping,168,64,1,114728.6,28682.15
2026-03-07 00:01:05,cbb_scaling_Core_0-167_CCB2_irq_combined_42_local_pipe_1_size_64,ping,168,64,16,3158625,789656.25
